<?xml version="1.0" encoding="UTF-8"?>
<project-private xmlns="http://www.netbeans.org/ns/project-private/1">
    <editor-bookmarks xmlns="http://www.netbeans.org/ns/editor-bookmarks/2" lastBookmarkId="0"/>
    <open-files xmlns="http://www.netbeans.org/ns/projectui-open-files/2">
        <group>
            <file>file:/C:/Users/ASUS%20TUF%20GAMING/OneDrive/Документы/NetBeansProjects/classes/BaseMap.php</file>
            <file>file:/C:/Users/ASUS%20TUF%20GAMING/OneDrive/Документы/NetBeansProjects/classes/Subject.php</file>
            <file>file:/C:/Users/ASUS%20TUF%20GAMING/OneDrive/Документы/NetBeansProjects/classes/Table.php</file>
            <file>file:/C:/Users/ASUS%20TUF%20GAMING/OneDrive/Документы/NetBeansProjects/classes/Teacher.php</file>
            <file>file:/C:/Users/ASUS%20TUF%20GAMING/OneDrive/Документы/NetBeansProjects/classes/Otdel.php</file>
            <file>file:/C:/Users/ASUS%20TUF%20GAMING/OneDrive/Документы/NetBeansProjects/classes/Config.php</file>
            <file>file:/C:/Users/ASUS%20TUF%20GAMING/OneDrive/Документы/NetBeansProjects/classes/Special.php</file>
            <file>file:/C:/Users/ASUS%20TUF%20GAMING/OneDrive/Документы/NetBeansProjects/classes/User.php</file>
            <file>file:/C:/Users/ASUS%20TUF%20GAMING/OneDrive/Документы/NetBeansProjects/classes/Classroom.php</file>
            <file>file:/C:/Users/ASUS%20TUF%20GAMING/OneDrive/Документы/NetBeansProjects/classes/LessonPlan.php</file>
            <file>file:/C:/Users/ASUS%20TUF%20GAMING/OneDrive/Документы/NetBeansProjects/classes/index.php</file>
            <file>file:/C:/Users/ASUS%20TUF%20GAMING/OneDrive/Документы/NetBeansProjects/classes/Gruppa.php</file>
            <file>file:/C:/Users/ASUS%20TUF%20GAMING/OneDrive/Документы/NetBeansProjects/classes/Schedule.php</file>
            <file>file:/C:/Users/ASUS%20TUF%20GAMING/OneDrive/Документы/NetBeansProjects/classes/Student.php</file>
        </group>
    </open-files>
</project-private>
